emp_id,first_name,last_name,email,salary,dept_id,manager_id,join_date,birth_date,job_title,bonus
1001,Meera,Hegde,hegde_meera@protonmail.com,217097,101,NULL,2021-02-22,1992-02-19,Regional Sales Manager,Null
1002,Elijah,Walker,elijah-walker2018@hotmail.com,151956,109,1001,2017-08-19,1983-01-25,VP Sales,7075.3
1003,Olivia,Rodriguez,olivia-rodriguez-hq@yahoo.com,233236,104,NULL,2016-06-28,1986-10-09,Group Product Manager,Null
1004,Aditya,Varma,varmaadityaqw@outlook.com,221854,109,1003,2016-01-22,1982-05-03,VP Customer Success,3161.9
1005,Neha,Varma,varma_nehag-@protonmail.com,242040,103,NULL,2018-12-22,1995-02-20,Head of HR,6661.3
1006,Santiago,Silva,santiago.silva.x@hotmail.com,215765,107,1001,2017-01-26,1985-07-09,Sales Director,3882.6
1007,Aman,Malhotra,malhotra.aman98460@gmail.com,265285,107,1002,2021-09-18,1983-12-19,Director of Marketing,6324.2
1008,Santiago,Williams,santiago-williams-hq@protonmail.com,274372,109,1007,2016-03-21,1980-11-14,Director of Product,5021.6
1009,Elizabeth,Harris,elizabeth-harris2009@example.com,210906,109,1002,2021-09-25,1983-11-11,VP Engineering,3231
1010,Tom ,Allen,tom_allen4485@yahoo.com,276225,105,1002,2021-05-27,1995-09-20,Marketing Manager,3803.5
1011,Sebastian,Wilson,sebastian-wilson-x@company.com,189432,102,1005,2019-04-15,1990-07-12,Director of Product Management,4200
1012,Rohan,Miller,rohan-miller-x@outlook.com,258910,101,NULL,2018-11-03,1987-03-28,VP Engineering,6800
1013,Ryan,Allen,ryan_allen_real@company.com,172850,108,1009,2020-02-09,1991-11-14,Data Science Manager,2900
1014,Sofia,Garcia,sofia.garcia2024@gmail.com,204670,110,1006,2017-09-20,1989-06-05,Operations Director,4500
1015,Sahil,Yusuf,sahilx15@yahoo.com,231450,103,NULL,2019-01-14,1988-04-22,VP Marketing,5200
1016,Jose,O'Connor,jose.o'connor2023@protonmail.com,198320,106,1005,2020-07-30,1990-09-17,HR Director,3800
1017,Emily,Johnson,emily_111@gmail.com,245780,104,1003,2016-12-05,1986-02-11,Sales Director,6200
1018,Raj,Thakur,thakurrajh@yahoo.com,167900,107,1004,2021-03-18,1993-08-09,Customer Success Manager,2600
1019,Jamal,Thompson,jamal-thompson2019@protonmail.com,282100,105,NULL,2017-05-25,1985-12-03,CFO,7100
1020,Megan,Lewis,lewismegan866@outlook.com,193540,102,1011,2018-10-12,1991-01-30,Product Director,4100
1021,Sofia,Oliveira,sofia-oliveira2024@outlook.com,176320,109,1008,2019-06-07,1992-07-19,Legal Director,3400
1022,Diya,Dixit,dixit-diya7217@example.com,259870,108,NULL,2016-08-14,1987-10-26,VP Data Science,6500
1023,Henry,Wright,henry_wright_real@yahoo.com,181650,110,1014,2020-04-21,1990-05-15,Operations Manager,3100
1024,Scarlett,Kim,scarlett.kim.hq@xmail.com,224910,106,1016,2018-11-29,1989-03-08,Head of HR,4800
1025,Zuri,Scott,zuriscotthq@protonmail.com,168430,104,1017,2021-01-16,1993-09-24,Sales Manager,Null
1026,Sanya,Sharma,sanya_sharma766@protonmail.com,237560,103,1015,2017-07-03,1988-11-11,Director of Marketing,5500
1027,Benjamin,Thompson,benjamin-thompson-x@xmail.com,195780,107,NULL,2019-09-20,1991-04-17,VP Customer Success,4300
1028,Samuel,Young,samuel.young.x@hotmail.com,271340,101,1012,2016-10-08,1986-06-22,Engineering Director,6900
1029,Jessica,Miller,jessica_miller_hq@hotmail.com,184220,102,1020,2020-12-15,1990-02-13,Senior Product Manager,3700
1030,Aria,Wilson,ariawilson@example.com,206450,108,1022,2018-03-27,1989-08-30,Data Science Director,4600
1031,Nia,Costa,nia-costa-hq@example.com,263890,109,NULL,2017-02-11,1985-01-07,General Counsel,6800
1032,Carlos,Liu,carlos.liu@example.com,179650,105,1019,2019-05-19,1992-07-04,Finance Manager,3200
1033,Rachel,Anderson,real_rachel@hotmail.com,241230,110,1023,2018-08-06,1989-12-18,VP Operations,5800
1034,Sebastian,Moore,sebastianmoore1983@gmail.com,170980,106,1024,2021-06-23,1993-03-29,HR Manager,2800
1035,James,Miller,james_miller141@company.com,198760,103,1026,2020-01-09,1991-10-16,Marketing Director,4400
1036,Isabella,Zhang,isabella-zhang@example.com,155420,104,1025,2022-03-14,1994-05-21,Regional Sales Manager,Null
1037,Aisha,Gupta,aisha_guptatc.@example.com,212890,107,1027,2019-11-28,1990-09-03,Customer Success Director,4900
1038,Kiran,Farkade,farkade-kiranb1473_@hotmail.com,183450,101,1028,2020-07-12,1992-01-25,Engineering Manager,3600
1039,Olivia,Moore,olivia.moore.dev@company.com,227650,108,1030,2018-04-30,1988-11-08,Senior Data Manager,5200
1040,Mei,Walker,mei_walker@hotmail.com,164320,109,1031,2021-09-05,1993-06-14,Compliance Manager,2900
1041,Jamal,Miller,jamal.miller.x@xmail.com,213198,101,1030,2018-06-25,1987-05-25,Director of Customer Success,3036.7
1042,Joseph,Davis,joseph-davis-hq@hotmail.com,236740,101,1003,2016-04-07,1975-10-05,Sales Director,Null
1043,Vihaan,Miller,vihaan-miller503@protonmail.com,212172,108,NULL,2020-12-23,1978-03-10,VP Customer Success,6292.4
1044,Lucas,Davis,lucas_davis_x@yahoo.com,196990,107,1041,2017-02-23,1984-11-20,VP Product Management,6208.8
1045,Sammantha,Walker,sm-walker-pro@outlook.com,163076,106,1001,2019-08-04,1988-06-21,VP Operations,3502.6
1046,Valentina,Ferreira,valentina_ferreira_x@company.com,112450,101,1038,2023-03-12,1996-08-19,Software Engineer II,1450
1047,Ella,Lewis,ellalewis155@protonmail.com,94580,101,1028,2024-01-15,1999-04-22,Software Engineer I,Null
1048,Anika,Martin,anikamartin2024@hotmail.com,128900,102,1029,2022-06-08,1994-11-30,Product Manager,1800
1049,Aisha,Walsh,aisha_walsh_hq@example.com,87500,103,1035,2023-09-21,1998-02-14,Marketing Coordinator,900
1050,Sofia,Davis,sofia_davis2002@xmail.com,102300,104,1036,2022-11-03,1997-07-05,Account Executive,Null
1051,Olivia,Martinez,olivia-martinez@gmail.com,96500,105,1032,2023-05-19,1998-10-27,Financial Analyst,1200
1052,Emma,Perez,emma.perez130@yahoo.com,78420,106,1034,2024-02-28,2000-03-11,HR Specialist,Null
1053,Manav,Rana,rana-manavnq-@example.com,118700,107,1037,2022-08-14,1995-09-08,Customer Success Manager,1650
1054,Elizabeth,Flores,elizabeth-flores-x@xmail.com,108200,108,1039,2023-01-07,1996-12-20,Data Analyst,1400
1055,Ishaan,Kim,ishaan.kim.dev@gmail.com,92500,109,1040,2023-07-25,1998-06-16,Compliance Analyst,Null
1056,Matthev,Davis,real_davis001@gmail.com,134800,110,1023,2021-10-30,1993-04-03,Operations Analyst II,2100
1057,Robert,Lewis,robert-lewis-x@gmail.com,99600,101,1004,2023-04-18,1997-11-09,Frontend Engineer,1100
1058,Benjamin,Walker,benjamin.walker.x@company.com,87500,102,1011,2024-03-05,1999-01-28,Associate Product Manager,Null
1059,Scarlett,King,scarlett_king_hq@gmail.com,122400,103,1015,2022-09-16,1995-05-14,Content Marketing Specialist,1550
1060,Aarav,Gonzalez,aarav-gonzalez@outlook.com,91800,104,1013,2023-12-11,1998-08-22,Sales Development Representative,850
1061,Emma,Brown,emma_brown570@hotmail.com,106700,105,1019,2022-04-27,1996-03-19,Junior Accountant,1300
1062,Hannah,Hill,hannah_hill2023@gmail.com,78900,106,1024,2024-06-09,2000-07-31,Recruiting Coordinator,Null
1063,Henry,Rossi,henryrossi515@hotmail.com,114500,107,1018,2023-02-14,1996-10-06,Customer Success Associate,1480
1064,Isabella,Costa,isabella-costa-pro@outlook.com,98200,108,1022,2022-07-30,1997-02-25,Junior Data Scientist,1250
1065,Wahida,Joshi,joshiwahidap.609.@hotmail.com,89500,109,1021,2023-10-22,1998-12-12,Legal Assistant,Null
1066,Scarlett,Young,scarlettyoung1989@yahoo.com,131200,110,1033,2021-12-08,1994-09-17,Supply Chain Analyst,1950
1067,Ishaan,Xalxo,ishaan_.@protonmail.com,93500,101,1038,2023-08-03,1998-04-09,QA Engineer,1050
1068,Jack,Taylor,jack_taylor_x@hotmail.com,107800,102,1020,2022-05-19,1996-11-23,Technical Product Owner,1380
1069,Aria,Zhang,aria_zhang69@yahoo.com,84200,103,1035,2024-01-28,1999-06-15,Social Media Coordinator,Null
1070,Saanvi,White,saanvi_white1994@hotmail.com,119300,104,1017,2022-10-11,1995-08-04,Enterprise Account Executive,1620
1071,Diego,O'Connor,diego-o'connor1999@outlook.com,98600,105,1032,2023-06-07,1997-03-28,Accounts Payable Specialist,1180
1072,Elizabeth,O'Brien,elizabetho'briendev@company.com,104900,106,1016,2022-12-20,1996-07-11,Benefits Administrator,1320
1073,Jose,Wilson,josewilsondev@hotmail.com,91200,107,1027,2023-09-14,1998-01-19,Support Specialist,Null
1074,Emma,Rossi,emma-rossi-pro@protonmail.com,126500,108,1030,2021-11-25,1994-10-02,Machine Learning Engineer,1850
1075,Yuvraj,Thakur,thakuryuvraj_@hotmail.com,88500,109,1031,2024-04-16,1999-05-07,Paralegal,980
1076,Isabella,Garcia,isabella-garcia@hotmail.com,113400,110,1014,2022-08-29,1996-02-14,Logistics Coordinator,1480
1077,Emma,Martin,emmamartinreal@hotmail.com,97500,101,1002,2023-03-21,1997-09-30,DevOps Engineer,Null
1078,Priya,Kim,priya.kim298@protonmail.com,109800,102,1006,2022-07-12,1996-04-25,UX Researcher,1420
1079,Liam,Rossi,liamrossipro@xmail.com,83600,103,1009,2024-02-05,1999-12-18,Email Marketing Specialist,920
1080,James,Scott,jamesscottpro@company.com,121700,104,1012,2022-01-30,1995-06-08,Mid-Market Account Executive,1700
1081,Carlos,Singh,carlos.singh.dev@yahoo.com,99800,105,1015,2023-05-23,1997-08-13,FP&A Analyst,1240
1082,Noah,Wilson,noah_wilson_x@protonmail.com,92700,106,1017,2023-11-09,1998-03-21,Talent Acquisition Specialist,Null
1083,Olivia,Romano,olivia-romano-pro@yahoo.com,116200,107,1026,2022-04-17,1995-10-04,Technical Support Engineer,1580
1084,Priya,Flores,priya.flores342@gmail.com,103500,108,1023,2023-07-31,1996-12-29,Business Intelligence Analyst,1350
1085,Grace,Ramirez,grace-ramirez@hotmail.com,89400,109,1025,2024-03-14,1999-07-16,Contracts Administrator,1020
1086,Reyansh,Esposito,reyansh.esposito.dev@yahoo.com,128100,110,1033,2021-09-06,1994-01-22,Procurement Analyst,1920
1087,Logan,Scott,loganscott1985@protonmail.com,94200,101,1038,2023-02-28,1998-05-09,Test Automation Engineer,Null
1088,Santiago,Ramirez,santiago_ramirez_dev@example.com,110900,102,1029,2022-10-19,1996-09-14,Product Analyst,1450
1089,Valentina,Ramirez,valentina.ramirez.x@example.com,85600,103,1035,2024-01-11,1999-11-03,Graphic Designer,880
1090,Elijah,Kelly,elijah-kelly-pro@yahoo.com,124300,104,1013,2022-06-22,1995-03-27,Channel Sales Manager,1780
1091,Sofia,Singh,sofia-singh-pro@company.com,101200,105,1019,2023-08-15,1997-04-18,Revenue Accountant,1280
1092,Arjun,Young,arjun.young.pro@gmail.com,93400,106,1024,2023-12-04,1998-08-25,Payroll Specialist,Null
1093,Jhanvi,Joglekar,joglekar-jhanvin594@outlook.com,117800,107,1037,2022-03-09,1995-12-11,Onboarding Specialist,1620
1094,Charlotte,Moore,charlotte_moore_x@yahoo.com,105600,108,1030,2023-04-26,1996-07-07,Data Engineer I,1380
1095,Liam,Suzuki,liam-suzuki-x@hotmail.com,91200,109,1040,2024-05-13,1999-02-20,Regulatory Affairs Specialist,1100
1096,Mei,Kim,mei.kim2015@yahoo.com,129400,110,1014,2021-08-18,1994-06-04,Facilities Coordinator,1950
1097,Anika,ito,anikaito@outlook.com,96800,101,1002,2023-10-07,1997-10-30,Full Stack Developer,Null
1098,Sofia,Harris,sofiaharris@gmail.com,111700,102,1005,2022-09-24,1996-01-15,Product Marketing Analyst,1480
1099,Isabella,Rossi,isabella-rossi-official@hotmail.com,87200,103,1008,2024-02-19,1999-09-08,Event Coordinator,950
1100,Nia,Wright,niawright382@yahoo.com,123100,104,1011,2022-07-30,1995-05-21,Strategic Account Manager,1750
1101,Mira,Bansal,mirag_@gmail.com,108900,101,1028,2023-04-19,1996-09-14,Software Engineer II,1320
1102,Daniel,Johnson,daniel.johnson2002@protonmail.com,89200,101,1038,2024-02-07,1999-05-21,Software Engineer I,Null
1103,Utkarsh,Verma,utkarsh-vermaxw274@example.com,124600,102,1029,2022-08-11,1995-01-08,Product Manager,1680
1104,Tejas,Ingle,ingle-tejasb227@yahoo.com,84700,103,1035,2023-10-25,1998-03-16,Marketing Coordinator,920
1105,Benjamin,Robinson,benjamin.robinson.dev@yahoo.com,99600,104,1013,2022-12-14,1997-08-29,Account Executive,Null
1106,Elena,Jackson,elena-jackson2021@xmail.com,93800,105,1032,2023-06-03,1998-11-12,Financial Analyst,1180
1107,Hana,Kobayashi,hana_733-@example.com,76200,106,1034,2024-03-18,2000-04-25,HR Coordinator,Null
1108,Camila,Lewis,camila.lewis217@protonmail.com,115200,107,1037,2022-09-22,1995-10-07,Customer Success Specialist,1580
1109,Kabir,Puri,kabir_puri0_-@hotmail.com,104700,108,1030,2023-02-09,1996-07-19,Data Analyst,1350
1110,Kabir,Raut,kabir.rautj769@gmail.com,90200,109,1040,2023-08-16,1998-05-30,Compliance Specialist,Null
1111,Elijah,Friedman,elijah-friedman-real@example.com,130900,110,1033,2021-11-28,1993-03-14,Operations Analyst,1980
1112,Henry,King,henryking2024@company.com,96700,101,1004,2023-05-24,1997-12-03,Frontend Developer,1080
1113,Joseph,Brown,josephbrownx@yahoo.com,85200,102,1011,2024-04-12,1999-02-17,Associate Product Manager,Null
1114,Daniel,Smith,daniel.smith.real@gmail.com,118800,103,1015,2022-10-30,1995-06-22,Content Specialist,1520
1115,Meera,Xena,me,89500,104,1017,2023-01-08,1998-09-05,SDR,820
1116,Ren,Takahashi,Takahashi-@protonmail.com,103400,105,1019,2022-05-19,1996-04-11,Junior Accountant,1250
1117,Chirayu,Hegde,chirayu-hegdevy868_@gmail.com,76800,106,1024,2024-07-03,2000-08-14,HR Assistant,Null
1118,Logan,Jackson,loganjacksondev@protonmail.com,111300,107,1027,2023-03-28,1996-11-09,Customer Success Associate,1420
1119,Naveen,Desai,naveenr@example.com,95400,108,1022,2022-08-15,1997-01-26,Junior Data Scientist,1220
1120,Manav,Sahu,sahu_manav4846@outlook.com,87200,109,1021,2023-11-20,1998-10-18,Legal Coordinator,Null
1121,Daniel,Moore,daniel_moore_hq@gmail.com,127100,110,1014,2022-01-22,1994-08-30,Logistics Analyst,1820
1122,Aiden,Gonzalez,aiden.gonzalez.dev@protonmail.com,91200,101,1038,2023-09-07,1998-06-12,QA Engineer,1020
1123,Ekta,Rathore,rathore.ektadh821@protonmail.com,105600,102,1020,2022-06-25,1996-12-04,Product Analyst,1350
1124,Chaya,Naik,naik-chaya929@yahoo.com,82100,103,1035,2024-02-14,1999-07-19,Social Media Specialist,Null
1125,Noah,Jackson,noah_jackson892@hotmail.com,116400,104,1013,2022-11-09,1995-09-28,Enterprise Sales Rep,1580
1126,Dhruv,Rana,dhruvc4@hotmail.com,96200,105,1032,2023-07-18,1997-04-15,Accounts Receivable Specialist,1150
1127,Evelyn,Martin,evelyn_martin881@company.com,102100,106,1016,2022-12-29,1996-08-03,Payroll Coordinator,1280
1128,Mayank,Hussain,hussain-mayank.46@gmail.com,88900,107,1037,2023-10-04,1998-02-22,Support Engineer,Null
1129,Mei,Rodriguez,mei.rodriguez426@protonmail.com,123200,108,1030,2021-12-16,1994-11-07,Data Engineer,1780
1130,Emma,Romano,emma-romano-official@gmail.com,86400,109,1031,2024-05-21,1999-06-09,Paralegal,950
1131,Logan,Smith,logan_smith@protonmail.com,110800,110,1033,2022-09-13,1996-03-17,Procurement Specialist,1450
1132,Aiden,Anderson,aiden-anderson@hotmail.com,94800,101,1002,2023-04-26,1997-10-24,Cloud Engineer,Null
1133,Tejas,Oberoi,tejas_oberoir7-@hotmail.com,107300,102,1006,2022-08-08,1996-05-30,UX Designer,1380
1134,Ishaan,Suzuki,ishaan-suzuki2006@outlook.com,81900,103,1009,2024-03-11,1999-12-05,Email Marketing Coordinator,900
1135,Ezra,Silva,ezra.silva.pro@protonmail.com,119200,104,1012,2022-02-27,1995-07-16,Mid-Market Sales,1650
1136,Oliver,Miller,olivermiller427@outlook.com,97400,105,1015,2023-06-29,1997-09-21,Financial Planning Analyst,1220
1137,Kwame,King,kwameking@gmail.com,90500,106,1024,2023-12-18,1998-04-08,Talent Coordinator,Null
1138,Ayaan,Oliveira,ayaanoliveirahq@xmail.com,113900,107,1027,2022-05-14,1995-11-25,Technical Account Manager,1550
1139,Gopal,Haldar,gopaldc.@outlook.com,101100,108,1022,2023-08-22,1996-01-30,BI Analyst,1320
1140,Harper,Hill,harper.hill.hq@hotmail.com,87600,109,1025,2024-04-09,1999-08-12,Legal Operations Analyst,980
1141,Sebastian,Walker,sebastian.walker.pro@example.com,125600,110,1014,2021-10-05,1994-02-19,Operations Coordinator,1880
1142,Chen,Ferreira,chen.ferreira.pro@gmail.com,91800,101,1038,2023-03-15,1998-06-27,Automation Tester,Null
1143,Mateo,Moore,mateo_moore2009@protonmail.com,108700,102,1029,2022-11-21,1996-10-03,Product Operations Analyst,1420
1144,Prakash,Lad,prakashuz661_@gmail.com,83800,103,1035,2024-02-28,1999-11-16,Creative Coordinator,860
1145,Noah,O'Connor,noah.o'connor.dev@outlook.com,121800,104,1017,2022-07-10,1995-04-22,Channel Sales Specialist,1720
1146,Elijah,Lewis,elijah-lewis-dev@company.com,98800,105,1019,2023-09-16,1997-05-08,Cost Accountant,1250
1147,Liam,Lopez,liam-lopez2024@protonmail.com,91200,106,1016,2023-01-25,1998-09-14,HRIS Analyst,Null
1148,Sakura,Ito,sakura_ito001@protonmail.com,115100,107,1037,2022-04-18,1995-12-29,Retention Specialist,1580
1149,Gianna,Sousa,gianna-sousa-dev@protonmail.com,103300,108,1030,2023-05-07,1996-08-11,Data Engineer II,1350
1150,Ji-hoon,park,park___460@example.com,89400,109,1040,2024-06-24,1999-03-18,Compliance Coordinator,1080
1151,Ji-woo,Lee,lee_ji___2021@outlook.com,126300,110,1033,2021-09-29,1994-07-05,Supply Chain Coordinator,1920
1152,Vishal,Nair,vishal_nair434@gmail.com,94200,101,1002,2023-11-12,1997-11-22,Backend Developer,Null
1153,Aisha,Lee,aisha.lee2023@protonmail.com,109400,102,1005,2022-10-03,1996-02-09,Product Marketing Coordinator,1450
1154,Carlos,Martinez,carlos.martinez.x@hotmail.com,85400,103,1008,2024-03-20,1999-10-14,Events Specialist,920
1155,Daniel,Chen,daniel_chen_x@example.com,120700,104,1011,2022-08-16,1995-06-27,Strategic Sales Rep,1700
1156,Isabella,Young,isabella-young-dev@outlook.com,97500,105,1032,2023-07-11,1997-10-05,Budget Analyst,1200
1157,Mei ,Watanabe,mei_watanabe@outlook.com,88600,106,1034,2023-12-22,1998-05-19,Employee Relations Specialist,Null
1158,Samuel,Johnson,samuel-johnson@company.com,112800,107,1027,2022-06-05,1996-01-12,Customer Success Engineer,1520
1159,Eun seo,Choi,tanisha.zaveriyz@yahoo.com,101900,108,1022,2023-03-29,1996-09-26,Analytics Engineer,1300
1160,Isabella,Jackson,isabella-jackson-x@yahoo.com,87900,109,1031,2024-04-17,1999-04-03,Legal Assistant,980
1161,Oliver,Smith,oliver_smith_dev@example.com,124500,110,1014,2022-02-14,1994-03-21,Inventory Planner,1850
1162,Ayaan,Ramirez,ayaan-ramirez@gmail.com,92200,101,1038,2023-08-28,1998-07-08,SDET,Null
1163,Sofia,Sanchez,sofia.sanchez.dev@company.com,106200,102,1020,2022-09-19,1996-12-15,Growth Product Analyst,1380
1164,Isabella,O'Connor,isabellao'connorhq@hotmail.com,82900,103,1035,2024-01-30,1999-11-28,Digital Marketing Specialist,880
1165,William ,Smith,william824@company.com,119900,104,1017,2022-07-24,1995-05-09,Sales Enablement Specialist,1680
1166,Esha,Verma,esha-vermad_@example.com,96500,105,1019,2023-10-10,1997-06-16,Tax Analyst,1220
1167,Liam,Goldberg,liam_goldberg2017@company.com,89500,106,1024,2023-02-06,1998-10-22,Learning & Development Coordinator,Null
1168,Asher,Walker,asher-walker2004@hotmail.com,113700,107,1037,2022-05-28,1995-02-14,Implementation Specialist,1550
1169,Jose,Singh,jose_singh940@yahoo.com,102400,108,1030,2023-06-15,1996-09-01,Reporting Analyst,1320
1170,Isabella,Moore,isabellamoore2024@hotmail.com,87200,109,1040,2024-05-08,1999-03-25,Contracts Specialist,950
1171,Yuki,Sousa,yuki_sousa_real@example.com,123800,110,1033,2021-11-17,1994-08-12,Vendor Manager,1820
1172,Kwame,Thomas,kwame-thomas461@example.com,91800,101,1002,2023-12-05,1997-12-19,DevOps Engineer I,Null
1173,Samuel,Wilson,samuel_wilson_x@yahoo.com,107900,102,1005,2022-10-28,1996-03-07,Technical Writer,1420
1174,Yuki,Liu,yukiliuhq@company.com,84500,103,1008,2024-03-26,1999-10-31,Brand Coordinator,900
1175,Elijah,Clark,elijah.clark2023@xmail.com,118600,104,1011,2022-08-22,1995-07-04,Business Development Rep,1650
1176,Sebastian,O'Brien,sebastiano'brien2023@gmail.com,95200,105,1032,2023-09-04,1997-11-11,Treasury Analyst,1180
1177,Luna,Santos,luna-santos278@example.com,88200,106,1016,2023-01-19,1998-06-23,Compensation Analyst,Null
1178,Pranav,Fernandes,pranav-fernandesgc_@outlook.com,111400,107,1027,2022-07-07,1996-01-30,Renewals Specialist,1500
1179,Nia,Lopez,nia-lopez-dev@outlook.com,100800,108,1022,2023-04-12,1996-08-17,SQL Developer,1280
1180,Amara,Jackson,amara.jackson2006@company.com,86500,109,1031,2024-06-15,1999-04-09,Legal Secretary,960
1181,Daniel,Gonzalez,danielgonzalezhq@company.com,122100,110,1014,2022-03-08,1994-04-26,Fleet Coordinator,1780
1182,Vihaan,Moore,vihaan_moore_hq@company.com,90500,101,1038,2023-09-19,1998-08-03,Performance Engineer,Null
1183,Zara,Miller,zara.miller.x@hotmail.com,104700,102,1020,2022-11-25,1996-01-14,Market Research Analyst,1350
1184,Emma,Esposito,emma_esposito647@hotmail.com,82600,103,1035,2024-02-21,1999-12-08,PR Coordinator,850
1185,James,Goldberg,jamesgoldbergx@yahoo.com,117300,104,1017,2022-06-29,1995-05-20,Sales Operations Analyst,1620
1186,Aisha,Garcia,aishagarcia2008@hotmail.com,94800,105,1019,2023-10-23,1997-07-27,Credit Analyst,1200
1187,Zuri,Thompson,zurithompsonx@example.com,88500,106,1024,2023-03-04,1998-11-15,Diversity Coordinator,Null
1188,Bharat,Verma,bharat498@hotmail.com,112200,107,1037,2022-08-19,1995-03-02,Customer Training Specialist,1520
1189,Reyansh,Romano,reyansh-romano2023@protonmail.com,101100,108,1030,2023-07-06,1996-10-10,Data Visualization Specialist,1300
1190,Xander,Farkade,xander.farkadev_@protonmail.com,86200,109,1040,2024-05-29,1999-05-17,Regulatory Coordinator,940
1191,Raj,Vora,vora-raj1_@outlook.com,121400,110,1033,2021-12-14,1994-09-24,Demand Planner,1800
1192,Harper,Moore,harper-moore-dev@protonmail.com,91200,101,1002,2023-11-28,1997-01-31,Security Engineer I,Null
1193,Noah,Esposito,noah.esposito.dev@yahoo.com,106800,102,1005,2022-12-09,1996-04-18,Customer Insights Analyst,1400
1194,Reyansh,Ferreira,reyansh_ferreira2004@hotmail.com,83800,103,1008,2024-04-03,1999-11-22,Community Manager,880
1195,Valentina,Bianchi,valentina_bianchi@protonmail.com,116900,104,1011,2022-09-15,1995-08-09,Sales Development Manager,1600
1196,Ella,White,ella-white-hq@gmail.com,93800,105,1032,2023-08-27,1997-12-16,Internal Auditor,1180
1197,Raj,Wankhede,raj-wankhede90-@yahoo.com,87800,106,1016,2023-02-13,1998-07-04,HR Generalist,Null
1198,Nikhil,Oberoi,oberoinikhild6@gmail.com,110500,107,1027,2022-07-21,1996-02-28,Success Operations Analyst,1480
1199,Harper,Rossi,harper-rossi-dev@xmail.com,99900,108,1022,2023-05-16,1996-09-13,Experimentation Analyst,1280
1200,Tarun,Reddy,tarun.reddye.-@hotmail.com,85800,109,1031,2024-06-10,1999-04-21,Legal Research Analyst,950
1201,Priya,Hernandez,priya_hernandez@xmail.com,103400,101,1028,2023-07-14,1996-10-22,Software Engineer II,1380
1202,Evelyn,Silva,evelyn-silva841@outlook.com,91200,101,1038,2024-03-09,1999-06-15,Software Engineer I,Null
1203,Chen,Davis,chen.davis.hq@gmail.com,121900,102,1029,2022-09-27,1995-02-28,Product Manager,1720
1204,Anika,Yang,anika.yang.hq@example.com,86500,103,1035,2023-11-18,1998-04-12,Marketing Specialist,940
1205,Gianna,Singh,gianna_singh_dev@outlook.com,102800,104,1013,2022-01-22,1997-09-05,Account Executive,Null
1206,Sebastian,Smith,sebastiansmith2008@yahoo.com,95800,105,1032,2023-07-05,1998-12-19,Financial Analyst II,1220
1207,Harper,Smith,harper-smith-x@gmail.com,77800,106,1034,2024-04-16,2000-05-08,HR Specialist,Null
1208,Chloe,Singh,chloesingh1983@example.com,116700,107,1037,2022-10-08,1995-11-14,Customer Success Associate,1600
1209,Asher,Garcia,ashergarciadev@outlook.com,106300,108,1030,2023-03-21,1996-08-27,Data Analyst,1400
1210,Elena,Robinson,elena_robinson2013@gmail.com,91800,109,1040,2023-09-12,1998-06-03,Compliance Analyst,Null
1211,Ishaan,Friedman,ishaanfriedman1992@outlook.com,132100,110,1033,2021-12-03,1993-04-19,Operations Analyst II,2050
1212,Deepika,Bhat,deepika498@protonmail.com,98400,101,1004,2023-06-17,1997-01-25,Full Stack Developer,1120
1213,Yuki,Walker,yuki-walker-pro@yahoo.com,86800,102,1011,2024-05-04,1999-03-09,Associate Product Manager,Null
1214,Lucas,Bianchi,lucas-bianchi@xmail.com,120200,103,1015,2022-11-25,1995-07-18,Content Marketing Specialist,1580
1215,Ayush,Iyer,ayush-iyer39@yahoo.com,91200,104,1017,2023-02-13,1998-10-22,Sales Development Representative,860
1216,Levi,Young,levi_young@company.com,105600,105,1019,2022-06-24,1996-05-11,Junior Financial Analyst,1280
1217,Joseph,Patel,joseph.patel.hq@company.com,78200,106,1024,2024-07-28,2000-09-03,Recruiting Coordinator,Null
1218,Joseph,Jackson,josephjackson867@protonmail.com,112900,107,1027,2023-04-11,1996-12-16,Customer Success Specialist,1480
1219,Sebastian,Garcia,sebastian_garcia144@outlook.com,97200,108,1022,2022-09-06,1997-02-28,Junior Data Scientist,1250
1220,Gianna,Torres,giannatorres2023@company.com,88800,109,1021,2023-12-07,1998-11-09,Legal Assistant,Null
1221,Kabir,Rodriguez,kabirrodriguezx@protonmail.com,128700,110,1014,2022-02-19,1994-09-24,Supply Chain Analyst,1880
1222,Aisha,Gonzalez,aisha_gonzalez_hq@gmail.com,92800,101,1038,2023-10-02,1998-07-14,QA Automation Engineer,1050
1223,Prakash,Khan,prakash984_@example.com,107400,102,1020,2022-07-20,1996-01-30,Product Analyst,1400
1224,Arjun,Jackson,arjunjacksondev@company.com,83800,103,1035,2024-03-15,1999-08-06,Social Media Coordinator,Null
1225,Evelyn,Chen,evelyn_chen1994@xmail.com,117800,104,1013,2022-12-04,1995-10-11,Mid-Market Account Executive,1620
1226,Mateo,Suzuki,mateo-suzuki@xmail.com,97800,105,1032,2023-08-21,1997-05-17,Accounts Payable Specialist,1200
1227,Henry,Sousa,henrysousadev@yahoo.com,103600,106,1016,2022-01-28,1996-09-04,Benefits Specialist,1300
1228,Charlotte,Miller,charlotte_miller_dev@xmail.com,90500,107,1037,2023-11-16,1998-03-22,Tier 2 Support Engineer,Null
1229,Amelia,Tanaka,amelia_tanaka_x@hotmail.com,124800,108,1030,2021-10-19,1994-12-08,Data Engineer,1820
1230,Scarlett,Hill,scarlett.hill.pro@gmail.com,87800,109,1031,2024-06-02,1999-07-13,Paralegal,980
1231,Sebastian,Lewis,sebastian_lewis@yahoo.com,112300,110,1033,2022-10-25,1996-04-09,Procurement Analyst,1480
1232,Owen,Walker,owen-walker1991@yahoo.com,96500,101,1002,2023-05-13,1997-11-20,DevOps Engineer,Null
1233,Hiroshi,Zhang,hiroshi-zhang821@yahoo.com,108900,102,1005,2022-09-30,1996-06-25,UX Researcher,1420
1234,Aria,Romano,aria.romano.pro@yahoo.com,83200,103,1008,2024-04-07,1999-01-18,Email Marketing Specialist,920
1235,Mateo,Wilson,mateo-wilson2009@hotmail.com,120500,104,1012,2022-03-22,1995-08-11,Sales Engineer,1700
1236,Nia,Allen,nia.allen.dev@company.com,99200,105,1015,2023-07-19,1997-10-03,FP&A Analyst,1250
1237,Sophia,Thompson,sophia.thompson.pro@hotmail.com,91800,106,1024,2023-01-14,1998-05-29,Talent Acquisition Specialist,Null
1238,Tarun,Oberoi,tarun-oberoi084@example.com,115200,107,1027,2022-06-09,1995-12-16,Technical Support Specialist,1580
1239,Fatima,Patel,fatima.patel.pro@outlook.com,102700,108,1023,2023-09-25,1996-02-07,Business Intelligence Analyst,1350
1240,Sophia,Kelly,sophia_kelly@xmail.com,89200,109,1025,2024-05-11,1999-09-14,Contracts Coordinator,1020
1241,Haruto,Sato,haruto_sato80@outlook.com,126400,110,1014,2021-11-08,1994-03-21,Operations Specialist,1900
1242,Asher,Wilson,asher.wilson2024@xmail.com,93500,101,1038,2023-04-02,1998-07-28,Test Engineer,Null
1243,Emma,Lewis,emmalewis2023@outlook.com,110100,102,1029,2022-12-13,1996-11-05,Product Operations Analyst,1450
1244,Santiago,Jones,santiago-jones719@gmail.com,85200,103,1035,2024-03-24,1999-12-10,Creative Coordinator,880
1245,Lucas,Kelly,lucas_kelly@xmail.com,123200,104,1017,2022-08-05,1995-06-18,Channel Sales Representative,1750
1246,Henry,Jones,henryjonesreal@example.com,100300,105,1019,2023-10-17,1997-06-25,Revenue Accountant,1280
1247,Jack,Costa,jackcostahq@yahoo.com,92500,106,1016,2023-02-27,1998-10-08,Payroll Coordinator,Null
1248,Yashika,Varma,yashikaxe234@gmail.com,116600,107,1037,2022-05-12,1995-01-30,Onboarding Specialist,1600
1249,Yuki,Jackson,yukijacksonhq@example.com,104500,108,1030,2023-06-22,1996-09-16,Data Engineer I,1380
1250,Valentina,Lewis,valentinalewis@company.com,90500,109,1040,2024-07-09,1999-04-12,Regulatory Specialist,1100
1251,Daniel,O'Connor,daneil_connorofficial@gmail.com,127900,110,1033,2021-10-20,1994-08-07,Logistics Analyst,1950
1252,Vishal,Agarwal,vishalir896@hotmail.com,95800,101,1002,2023-12-16,1997-12-24,Backend Developer,Null
1253,Siddharth,Jain,jain_siddharth.@protonmail.com,110700,102,1005,2022-11-04,1996-03-18,Product Marketing Analyst,1480
1254,Benjamin,Goldberg,benjamin.goldberg.dev@example.com,86800,103,1008,2024-04-21,1999-11-03,Event Coordinator,940
1255,Arjun,Ferreira,arjun.ferreira2024@protonmail.com,119400,104,1011,2022-09-13,1995-07-20,Strategic Account Executive,1720
1256,Jack,Singh,jacksingh299@gmail.com,98800,105,1032,2023-08-30,1997-11-27,Budget Analyst,1220
1257,Meera,Rana,meera_ranaj711.@gmail.com,89800,106,1034,2023-01-22,1998-06-30,Employee Relations Coordinator,Null
1258,Mateo,Singh,mateo-singh2023@hotmail.com,114100,107,1027,2022-07-28,1995-02-15,Customer Success Engineer,1550
1259,Evelyn,Oliveira,evelyn.oliveira551@company.com,103200,108,1022,2023-04-18,1996-10-04,Analytics Engineer,1320
1260,Aarav,Kim,aarav.kim.hq@gmail.com,89200,109,1031,2024-06-05,1999-05-11,Legal Operations Coordinator,1000
1261,Ella,Suzuki,ella-suzuki2024@example.com,125600,110,1014,2022-03-16,1994-04-23,Inventory Analyst,1880
1262,Sofia,Chen,sofiachen@outlook.com,93500,101,1038,2023-09-24,1998-08-30,SDET,Null
1263,Camila,Levy,camilalevy1991@example.com,107800,102,1020,2022-10-15,1996-01-07,Growth Analyst,1400
1264,Aarav,Fernandes,aarav1-@yahoo.com,84200,103,1035,2024-02-26,1999-12-19,Digital Marketing Coordinator,900
1265,Grace,Smith,grace-smith-hq@hotmail.com,118700,104,1017,2022-07-06,1995-06-13,Sales Operations Specialist,1650
1266,Benjamin,Allen,benjamin.allen.official@example.com,96200,105,1019,2023-11-01,1997-08-20,Credit Analyst,1220
1267,Noah,Johnson,noah-johnson1987@hotmail.com,90200,106,1024,2023-03-11,1998-11-28,Diversity & Inclusion Coordinator,Null
1268,Saanvi,Scott,saanvi_scott1987@example.com,113500,107,1037,2022-09-02,1995-03-09,Implementation Specialist,1550
1269,Aria,Martin,aria_martin_x@yahoo.com,102600,108,1030,2023-08-08,1996-11-16,Data Visualization Analyst,1350
1270,Arjun,Sanchez,arjun-sanchez@example.com,87800,109,1040,2024-05-23,1999-06-05,Regulatory Affairs Coordinator,960
1271,Tara,Mishra,mishra-tara2254_@gmail.com,122900,110,1033,2021-12-22,1994-09-30,Demand Planner,1820
1272,Aria,Ramirez,aria_ramirez_dev@xmail.com,92800,101,1002,2023-12-10,1997-02-14,Security Analyst I,Null
1273,Anika,Xena,anika7245.@example.com,108900,102,1005,2022-12-21,1996-05-21,Customer Insights Analyst,1420
1274,Isabella,Walsh,isabella_walsh_x@company.com,85200,103,1008,2024-04-14,1999-12-27,Community Coordinator,900
1275,Pooja,Vora,poojavorag289@example.com,118200,104,1011,2022-10-07,1995-09-02,Business Development Representative,1620
1276,Soo-jin,Kim,soo_jin_kim@hotmail.com,95800,105,1032,2023-09-18,1997-12-25,Internal Audit Associate,1200
1277,Chloe,Santos,chloe-santos-official@xmail.com,89500,106,1016,2023-02-24,1998-08-11,HR Generalist,Null
1278,Scarlett,Williams,scarlett_williams2023@outlook.com,112000,107,1027,2022-08-14,1996-03-18,Success Operations Analyst,1500
1279,Ezra,Jackson,ezrajacksonhq@hotmail.com,101200,108,1022,2023-06-03,1996-10-09,Experimentation Analyst,1300
1280,Gianna,Kelly,gianna.kelly.official@outlook.com,87200,109,1031,2024-07-01,1999-05-16,Legal Research Coordinator,970
1281,Anika,Walsh,anika.walsh1988@xmail.com,123700,110,1014,2022-04-09,1994-05-22,Fleet Analyst,1800
1282,Asher,Cohen,ashercohendev@yahoo.com,92200,101,1038,2023-10-05,1998-09-10,Performance Test Engineer,Null
1283,Samuel,Wright,samuelwrightx@outlook.com,106100,102,1020,2022-11-29,1996-02-26,Market Research Coordinator,1380
1284,Hitesh,Tandel,hitesh-tandel9_598.@yahoo.com,84200,103,1035,2024-03-18,1999-01-13,PR & Communications Specialist,880
1285,Lalit,Saxena,saxena_lalith-@hotmail.com,119100,104,1017,2022-07-27,1995-07-04,Sales Enablement Analyst,1680
1286,Aiden,Moore,aidenmooreofficial@xmail.com,97800,105,1019,2023-11-14,1997-09-19,Tax Associate,1250
1287,Elizabeth,Ramirez,elizabethramirezdev@hotmail.com,91200,106,1024,2023-03-08,1998-12-05,Learning Coordinator,Null
1288,Liam,O'Brien,liam-o'brien-dev@xmail.com,114800,107,1037,2022-09-25,1995-04-12,Customer Training Coordinator,1580
1289,Elijah,Romano,elijahromano1984@outlook.com,103900,108,1030,2023-07-29,1996-11-23,Reporting & Analytics Specialist,1350
1290,Samuel,Walsh,samuelwalsh@xmail.com,88200,109,1040,2024-06-17,1999-07-08,Regulatory Compliance Analyst,980
1291,Omar,Chen,omarchen@xmail.com,124200,110,1033,2021-11-30,1994-10-15,Demand & Supply Analyst,1850
1292,Priya,Esposito,priya.esposito354@outlook.com,93800,101,1002,2023-12-23,1997-03-02,Application Security Engineer,Null
1293,Hiroshi,Suzuki,hiroshi-suzuki2023@gmail.com,110300,102,1005,2022-01-10,1996-06-19,Customer Research Analyst,1450
1294,Tarun,Saxena,tarunsaxena3y507@yahoo.com,85800,103,1008,2024-04-28,1999-12-14,Brand Specialist,920
1295,Scarlett,Rodriguez,scarlett_rodriguez_dev@gmail.com,117600,104,1011,2022-10-29,1995-09-06,Business Development Associate,1620
1296,Aisha,Mehta,mehta.aishac.@protonmail.com,97200,105,1032,2023-09-25,1997-01-23,Treasury Operations Analyst,1220
1297,Benjamin,Zhang,benjaminzhang601@yahoo.com,91200,106,1016,2023-02-18,1998-09-10,Compensation & Benefits Analyst,Null
1298,Joseph,Wright,joseph_wright385@yahoo.com,112900,107,1027,2022-08-11,1996-04-27,Renewals & Expansion Analyst,1520
1299,Samuel,Walker,samuel-walker-hq@protonmail.com,101700,108,1022,2023-06-14,1996-11-04,Data Experimentation Analyst,1320
1300,Scarlett,Tanaka,scarlett_tanaka_hq@gmail.com,88200,109,1031,2024-07-07,1999-06-21,Legal Administrative Assistant,980
